"자치구별(1)","자치구별(2)",고등학교별(1),고등학교별(2),2011,2011,2011,2011,2011,2012,2012,2012,2012,2012,2013,2013,2013,2013,2013,2014,2014,2014,2014,2014,2015,2015,2015,2015,2015,2016,2016,2016,2016,2016,2017,2017,2017,2017,2017,2018,2018,2018,2018,2018,2019,2019,2019,2019,2019,2020,2020,2020,2020,2020
"자치구별(1)","자치구별(2)",고등학교별(1),고등학교별(2),졸업자 (명),진학자수 (명),진학률 (%),취업자 (명),기타 (명),졸업자 (명),진학자수 (명),진학률 (%),취업자 (명),기타 (명),졸업자 (명),진학자수 (명),진학률 (%),취업자 (명),기타 (명),졸업자 (명),진학자수 (명),진학률 (%),취업자 (명),기타 (명),졸업자 (명),진학자수 (명),진학률 (%),취업자 (명),기타 (명),졸업자 (명),진학자수 (명),진학률 (%),취업자 (명),기타 (명),졸업자 (명),진학자수 (명),진학률 (%),취업자 (명),기타 (명),졸업자 (명),진학자수 (명),진학률 (%),취업자 (명),기타 (명),졸업자 (명),진학자수 (명),진학률 (%),취업자 (명),기타 (명),졸업자 (명),진학자수 (명),진학률 (%),취업자 (명),기타 (명)
"합계","소계",고등학교(합계),소계,121946,68557,56.2,5987,47402,117682,65632,55.8,8897,43153,115888,64457,55.6,9652,41779,113396,64159,56.6,10338,38899,108669,61252,56.4,10211,37206,106405,59409,55.8,10069,36927,100481,55081,54.8,10185,35215,96851,53158,54.9,8953,34740,96806,53570,55.3,7232,36004,83638,49087,58.7,5855,28696
"합계","소계",고등학교(합계),일반고,79745,44695,56.0,1248,33802,75848,43628,57.5,1317,30903,76662,45507,59.4,1616,29539,76593,47057,61.4,1549,27987,74009,45478,61.4,1850,26681,72693,44464,61.2,1758,26471,67696,41035,60.6,1189,25472,63554,38789,61.0,1294,23471,64527,38651,59.9,1141,24735,53715,34439,64.1,875,18401
"합계","소계",고등학교(합계),특수목적고,4818,3134,65.0,176,1508,4807,3076,64.0,227,1504,4996,3065,61.3,354,1577,4927,2897,58.8,377,1653,4780,3001,62.8,334,1445,4586,2600,56.7,551,1435,4472,2726,61.0,512,1234,4470,2684,60.0,497,1289,4169,2482,59.5,505,1182,4095,2437,59.5,433,1225
"합계","소계",고등학교(합계),특성화고,18869,10548,55.9,4330,3991,18158,8250,45.4,7144,2764,17392,6340,36.5,7539,3513,17140,5264,30.7,8257,3619,16118,4669,29.0,7931,3518,15790,4427,28.0,7657,3706,15760,4127,26.2,8336,3297,15426,4303,27.9,6981,4142,14942,5093,34.1,5465,4384,14105,5084,36.0,4391,4630
"합계","소계",고등학교(합계),자율고,18514,10180,55.0,233,8101,18869,10678,56.6,209,7982,16838,9545,56.7,143,7150,14736,8941,60.7,155,5640,13762,8104,58.9,96,5562,13336,7918,59.4,103,5315,12553,7193,57.3,148,5212,13401,7382,55.1,181,5838,13168,7344,55.8,121,5703,11723,7127,60.8,156,4440
"합계","종로구",고등학교(합계),소계,4843,2657,54.9,137,2049,4816,2635,54.7,199,1982,4623,2571,55.6,262,1790,4617,2617,56.7,277,1723,4308,2467,57.3,316,1525,4354,2489,57.2,326,1539,3750,2090,55.7,355,1305,3678,2035,55.3,391,1252,3737,2043,54.7,226,1468,3219,1870,58.1,197,1152
"합계","종로구",고등학교(합계),일반고,2810,1500,53.4,21,1289,2806,1531,54.6,17,1258,2738,1589,58.0,13,1136,2700,1608,59.6,23,1069,2467,1473,59.7,82,912,2447,1488,60.8,60,899,1882,1157,61.5,63,662,1764,1107,62.8,91,566,1826,1088,59.6,50,688,1478,954,64.5,46,478
"합계","종로구",고등학교(합계),특수목적고,553,355,64.2,-,198,610,369,60.5,-,241,627,440,70.2,-,187,635,404,63.6,-,231,653,462,70.8,-,191,641,436,68.0,-,205,625,442,70.7,-,183,633,421,66.5,-,212,629,420,66.8,-,209,629,384,61.0,-,245
"합계","종로구",고등학교(합계),특성화고,683,388,56.8,113,182,603,321,53.2,177,105,616,207,33.6,246,163,629,215,34.2,251,163,603,220,36.5,229,154,598,193,32.3,266,139,589,153,26.0,292,144,606,175,28.9,248,183,575,179,31.1,175,221,473,176,37.2,151,146
"합계","종로구",고등학교(합계),자율고,797,414,51.9,3,380,797,414,51.9,5,378,642,335,52.2,3,304,653,390,59.7,3,260,585,312,53.3,5,268,668,372,55.7,-,296,654,338,51.7,-,316,675,332,49.2,52,291,707,356,50.4,1,350,639,356,55.7,-,283
"합계","중구",고등학교(합계),소계,3685,2068,56.1,489,1128,3571,1928,54.0,650,993,3348,1603,47.9,709,1036,3248,1531,47.1,772,945,3095,1414,45.7,771,910,2761,1186,43.0,724,851,2687,1127,41.9,841,719,2614,1075,41.1,656,883,2669,1167,43.7,595,907,2380,1120,47.1,464,796
"합계","중구",고등학교(합계),일반고,980,567,57.9,11,402,998,583,58.4,8,407,943,587,62.2,12,344,932,628,67.4,13,291,886,578,65.2,14,294,610,395,64.8,11,204,505,318,63.0,8,179,513,317,61.8,6,190,549,343,62.5,9,197,403,285,70.7,11,107
"합계","중구",고등학교(합계),특수목적고,219,156,71.2,-,63,210,143,68.1,-,67,201,122,60.7,-,79,192,98,51.0,-,94,180,111,61.7,-,69,169,92,54.4,-,77,159,106,66.7,-,53,161,115,71.4,-,46,152,92,60.5,-,60,128,87,68.0,-,41
"합계","중구",고등학교(합계),특성화고,1638,862,52.6,473,303,1491,605,40.6,627,259,1491,488,32.7,695,308,1428,384,26.9,754,290,1329,316,23.8,745,268,1306,309,23.7,698,299,1304,290,22.2,808,206,1306,316,24.2,644,346,1274,342,26.8,580,352,1265,400,31.6,446,419
"합계","중구",고등학교(합계),자율고,848,483,57.0,5,360,872,597,68.5,15,260,713,406,56.9,2,305,696,421,60.5,5,270,700,409,58.4,12,279,676,390,57.7,15,271,719,413,57.4,25,281,634,327,51.6,6,301,694,390,56.2,6,298,584,348,59.6,7,229
"합계","용산구",고등학교(합계),소계,3381,1925,56.9,202,1254,3187,1776,55.7,330,1081,2787,1481,53.1,332,974,2709,1565,57.8,392,752,2558,1451,56.7,303,804,2540,1340,52.8,314,886,2450,1291,52.7,376,783,2420,1326,54.8,330,764,2444,1366,55.9,260,818,2155,1141,52.9,245,769
"합계","용산구",고등학교(합계),일반고,2175,1258,57.8,1,916,2062,1202,58.3,1,859,1745,1045,59.9,8,692,1750,1197,68.4,27,526,1701,1098,64.6,4,599,1688,1057,62.6,23,608,1617,1002,62.0,51,564,1573,993,63.1,35,545,1568,1000,63.8,46,522,1305,810,62.1,39,456
"합계","용산구",고등학교(합계),특성화고,912,512,56.1,182,218,881,458,52.0,310,113,819,325,39.7,324,170,773,265,34.3,365,143,671,244,36.4,299,128,679,183,27.0,291,205,715,222,31.0,324,169,708,249,35.2,295,164,701,261,37.2,214,226,693,238,34.3,206,249
"합계","용산구",고등학교(합계),자율고,294,155,52.7,19,120,244,116,47.5,19,109,223,111,49.8,-,112,186,103,55.4,-,83,186,109,58.6,-,77,173,100,57.8,-,73,118,67,56.8,1,50,139,84,60.4,-,55,175,105,60.0,-,70,157,93,59.2,-,64
"합계","성동구",고등학교(합계),소계,2188,1225,56.0,149,814,2390,1289,53.9,288,813,2444,1277,52.3,261,906,2429,1372,56.5,266,791,2414,1239,51.3,437,738,2270,1125,49.6,390,755,1984,964,48.6,329,691,2131,1085,50.9,261,785,2059,1048,50.9,201,810,1979,1170,59.1,152,657
"합계","성동구",고등학교(합계),일반고,509,311,61.1,18,180,770,449,58.3,24,297,817,476,58.3,26,315,823,535,65.0,26,262,864,510,59.0,148,206,797,466,58.5,140,191,669,419,62.6,46,204,700,450,64.3,31,219,664,408,61.4,42,214,780,534,68.5,29,217
"합계","성동구",고등학교(합계),특성화고,875,452,51.7,122,301,856,397,46.4,227,232,858,331,38.6,235,292,887,357,40.2,240,290,848,302,35.6,289,257,830,297,35.8,250,283,807,258,32.0,283,266,805,268,33.3,230,307,763,323,42.3,156,284,657,296,45.1,119,242
"합계","성동구",고등학교(합계),자율고,804,462,57.5,9,333,764,443,58.0,37,284,769,470,61.1,-,299,719,480,66.8,-,239,702,427,60.8,-,275,643,362,56.3,-,281,508,287,56.5,-,221,626,367,58.6,-,259,632,317,50.2,3,312,542,340,62.7,4,198
"합계","광진구",고등학교(합계),소계,4817,2820,58.5,35,1962,4217,2600,61.7,32,1585,4244,2685,63.3,71,1488,4111,2620,63.7,60,1431,3967,2473,62.3,58,1436,3830,2373,62.0,55,1402,3623,2238,61.8,50,1335,3395,2112,62.2,34,1249,3343,2043,61.1,35,1265,2697,1690,62.7,26,981
"합계","광진구",고등학교(합계),일반고,3987,2269,56.9,35,1683,2921,1733,59.3,32,1156,3006,1890,62.9,71,1045,2887,1833,63.5,42,1012,2918,1788,61.3,58,1072,2805,1681,59.9,48,1076,2734,1643,60.1,40,1051,2480,1491,60.1,31,958,2454,1468,59.8,35,951,1872,1134,60.6,26,712
"합계","광진구",고등학교(합계),특수목적고,830,551,66.4,-,279,821,651,79.3,-,170,813,550,67.7,-,263,780,531,68.1,-,249,742,497,67.0,-,245,709,482,68.0,-,227,651,447,68.7,1,203,649,470,72.4,2,177,638,443,69.4,-,195,631,430,68.1,-,201
"합계","광진구",고등학교(합계),자율고,-,-,-,-,-,475,216,45.5,-,259,425,245,57.6,-,180,444,256,57.7,18,170,307,188,61.2,-,119,316,210,66.5,7,99,238,148,62.2,9,81,266,151,56.8,1,114,251,132,52.6,-,119,194,126,64.9,-,68
"합계","동대문구",고등학교(합계),소계,3693,2217,60.0,267,1209,3488,2081,59.7,324,1083,3459,2044,59.1,329,1086,3323,1958,58.9,396,969,3165,1807,57.1,343,1015,3220,1980,61.5,347,893,3089,1814,58.7,380,895,3080,1818,59.0,305,957,3114,1781,57.2,352,981,2628,1768,67.3,186,674
"합계","동대문구",고등학교(합계),일반고,1625,1045,64.3,18,562,1495,987,66.0,6,502,1493,1041,69.7,7,445,1640,1147,69.9,7,486,1651,1131,68.5,12,508,1649,1285,77.9,20,344,1558,1127,72.3,18,413,1480,1067,72.1,40,373,1489,1022,68.6,78,389,1228,890,72.5,27,311
"합계","동대문구",고등학교(합계),특성화고,686,324,47.2,214,148,701,287,40.9,310,104,706,211,29.9,312,183,743,191,25.7,382,170,640,156,24.4,331,153,627,140,22.3,327,160,622,144,23.2,362,116,637,153,24.0,265,219,631,205,32.5,273,153,529,157,29.7,148,224
"합계","동대문구",고등학교(합계),자율고,1382,848,61.4,35,499,1292,807,62.5,8,477,1260,792,62.9,10,458,940,620,66.0,7,313,874,520,59.5,-,354,944,555,58.8,-,389,909,543,59.7,-,366,963,598,62.1,-,365,994,554,55.7,1,439,871,721,82.8,11,139
"합계","중랑구",고등학교(합계),소계,3898,2425,62.2,114,1359,3693,2368,64.1,206,1119,3581,2361,65.9,220,1000,3590,2378,66.2,269,943,3324,2082,62.6,276,966,3278,2021,61.7,255,1002,2913,1714,58.8,260,939,2777,1709,61.5,241,827,2769,1699,61.4,247,823,2298,1440,62.7,214,644
"합계","중랑구",고등학교(합계),일반고,2680,1625,60.6,6,1049,2514,1583,63.0,47,884,2428,1621,66.8,74,733,2571,1699,66.1,134,738,2297,1512,65.8,90,695,2258,1413,62.6,67,778,1880,1165,62.0,14,701,1781,1211,68.0,8,562,1764,1182,67.0,46,536,1445,985,68.2,36,424
"합계","중랑구",고등학교(합계),특성화고,450,306,68.0,72,72,458,264,57.6,139,55,459,244,53.2,146,69,403,202,50.1,135,66,408,171,41.9,171,66,406,177,43.6,146,83,435,166,38.2,190,79,412,122,29.6,187,103,373,160,42.9,150,63,360,148,41.1,132,80
"합계","중랑구",고등학교(합계),자율고,768,494,64.3,36,238,721,521,72.3,20,180,694,496,71.5,-,198,616,477,77.4,-,139,619,399,64.5,15,205,614,431,70.2,42,141,598,383,64.0,56,159,584,376,64.4,46,162,632,357,56.5,51,224,493,307,62.3,46,140
"합계","성북구",고등학교(합계),소계,4859,2722,56.0,253,1884,4566,2468,54.1,473,1625,4648,2496,53.7,554,1598,4089,2211,54.1,514,1364,3973,2133,53.7,440,1400,4165,2370,56.9,443,1352,3639,2082,57.2,354,1203,3590,2056,57.3,318,1216,3553,2049,57.7,290,1214,3064,1911,62.4,351,802
"합계","성북구",고등학교(합계),일반고,2342,1448,61.8,9,885,2223,1360,61.2,-,863,2802,1775,63.3,101,926,2400,1597,66.5,14,789,2357,1519,64.4,5,833,2725,1856,68.1,20,849,2496,1627,65.2,6,863,2466,1595,64.7,22,849,2589,1630,63.0,13,946,2195,1534,69.9,57,604
"합계","성북구",고등학교(합계),특수목적고,432,257,59.5,-,175,425,218,51.3,-,207,428,265,61.9,-,163,402,207,51.5,-,195,376,222,59.0,-,154,577,256,44.4,129,192,540,282,52.2,81,177,487,245,50.3,74,168,379,186,49.1,116,77,382,204,53.4,110,68
"합계","성북구",고등학교(합계),특성화고,891,362,40.6,220,309,951,353,37.1,449,149,947,255,26.9,445,247,915,206,22.5,484,225,857,173,20.2,417,267,620,108,17.4,292,220,401,52,13.0,259,90,394,54,13.7,219,121,380,63,16.6,157,160,303,35,11.6,179,89
"합계","성북구",고등학교(합계),자율고,1194,655,54.9,24,515,967,537,55.5,24,406,471,201,42.7,8,262,372,201,54.0,16,155,383,219,57.2,18,146,243,150,61.7,2,91,202,121,59.9,8,73,243,162,66.7,3,78,205,170,82.9,4,31,184,138,75.0,5,41
"합계","강북구",고등학교(합계),소계,2244,1328,59.2,50,866,2418,1475,61.0,87,856,2326,1341,57.7,148,837,2480,1473,59.4,125,882,2488,1536,61.7,115,837,2424,1426,58.8,123,875,2165,1258,58.1,92,815,2162,1270,58.7,87,805,2200,1265,57.5,103,832,1926,1181,61.3,83,662
"합계","강북구",고등학교(합계),일반고,1561,970,62.1,-,591,1487,977,65.7,21,489,1506,916,60.8,45,545,1703,1056,62.0,1,646,1736,1153,66.4,1,582,1682,1070,63.6,3,609,1449,929,64.1,1,519,1383,906,65.5,-,477,1436,861,60.0,9,566,1204,802,66.6,2,400
"합계","강북구",고등학교(합계),특성화고,188,110,58.5,35,43,194,111,57.2,43,40,196,95,48.5,72,29,198,77,38.9,93,28,185,64,34.6,99,22,187,56,29.9,105,26,187,52,27.8,91,44,200,71,35.5,87,42,192,73,38.0,82,37,181,45,24.9,73,63
"합계","강북구",고등학교(합계),자율고,495,248,50.1,15,232,737,387,52.5,23,327,624,330,52.9,31,263,579,340,58.7,31,208,567,319,56.3,15,233,555,300,54.1,15,240,529,277,52.4,-,252,579,293,50.6,-,286,572,331,57.9,12,229,541,334,61.7,8,199
"합계","도봉구",고등학교(합계),소계,3888,2140,55.0,114,1634,3771,2108,55.9,201,1462,3551,1982,55.8,303,1266,3454,2006,58.1,329,1119,3254,1810,55.6,453,991,3178,1731,54.5,465,982,2847,1511,53.1,345,991,2722,1527,56.1,285,910,2725,1513,55.5,140,1072,2520,1479,58.7,127,914
"합계","도봉구",고등학교(합계),일반고,2115,1166,55.1,42,907,2084,1133,54.4,42,909,1969,1121,56.9,160,688,2098,1305,62.2,147,646,2138,1279,59.8,204,655,2083,1266,60.8,191,626,1782,1037,58.2,56,689,1603,1051,65.6,45,507,1717,950,55.3,11,756,1500,966,64.4,38,496
"합계","도봉구",고등학교(합계),특수목적고,364,187,51.4,-,177,357,159,44.5,-,198,342,181,52.9,-,161,336,171,50.9,-,165,310,190,61.3,-,120,285,173,60.7,-,112,267,188,70.4,-,79,272,175,64.3,-,97,225,141,62.7,-,84,209,122,58.4,-,87
"합계","도봉구",고등학교(합계),특성화고,628,320,51.0,72,236,534,273,51.1,159,102,517,207,40.0,143,167,508,199,39.2,182,127,455,119,26.2,249,87,446,76,17.0,274,96,462,91,19.7,289,82,470,86,18.3,240,144,399,156,39.1,129,114,399,136,34.1,89,174
"합계","도봉구",고등학교(합계),자율고,781,467,59.8,-,314,796,543,68.2,-,253,723,473,65.4,-,250,512,331,64.6,-,181,351,222,63.2,-,129,364,216,59.3,-,148,336,195,58.0,-,141,377,215,57.0,-,162,384,266,69.3,-,118,412,255,61.9,-,157
"합계","노원구",고등학교(합계),소계,11034,6094,55.2,637,4303,10625,5890,55.4,1217,3518,10487,5667,54.0,1212,3608,10588,5944,56.1,1287,3357,10064,5469,54.3,1286,3309,9928,5383,54.2,1225,3320,9415,4984,52.9,1263,3168,8907,4906,55.1,972,3029,8976,5085,56.7,679,3212,7567,4482,59.2,611,2474
"합계","노원구",고등학교(합계),일반고,7916,4302,54.3,93,3521,7624,4446,58.3,111,3067,7705,4541,58.9,89,3075,7798,4939,63.3,56,2803,7440,4664,62.7,122,2654,7325,4528,61.8,165,2632,6858,4220,61.5,114,2524,6553,4159,63.5,122,2272,6637,4162,62.7,70,2405,5321,3506,65.9,116,1699
"합계","노원구",고등학교(합계),특성화고,2754,1596,58.0,544,614,2633,1209,45.9,1106,318,2507,949,37.9,1123,435,2528,840,33.2,1231,457,2355,640,27.2,1164,551,2338,681,29.1,1060,597,2297,591,25.7,1149,557,2106,573,27.2,848,685,2077,755,36.4,609,713,2018,821,40.7,495,702
"합계","노원구",고등학교(합계),자율고,364,196,53.8,-,168,368,235,63.9,-,133,275,177,64.4,-,98,262,165,63.0,-,97,269,165,61.3,-,104,265,174,65.7,-,91,260,173,66.5,-,87,248,174,70.2,2,72,262,168,64.1,-,94,228,155,68.0,-,73
"합계","은평구",고등학교(합계),소계,5538,3450,62.3,329,1759,5705,3098,54.3,556,2051,5796,3218,55.5,630,1948,5702,3238,56.8,716,1748,5800,3409,58.8,777,1614,5515,3204,58.1,813,1498,5310,2940,55.4,881,1489,5163,2850,55.2,892,1421,5193,2974,57.3,740,1479,4525,2654,58.7,509,1362
"합계","은평구",고등학교(합계),일반고,3526,2256,64.0,98,1172,3834,2192,57.2,141,1501,3802,2322,61.1,58,1422,3877,2435,62.8,108,1334,3969,2635,66.4,169,1165,3667,2423,66.1,147,1097,3488,2283,65.5,151,1054,3339,2172,65.0,184,983,3746,2402,64.1,165,1179,3107,2095,67.4,67,945
"합계","은평구",고등학교(합계),특성화고,1416,876,61.9,231,309,1326,620,46.8,415,291,1224,440,35.9,572,212,1197,352,29.4,608,237,1197,375,31.3,608,214,1245,371,29.8,666,208,1287,308,23.9,729,250,1273,339,26.6,708,226,1240,414,33.4,575,251,1214,408,33.6,442,364
"합계","은평구",고등학교(합계),자율고,596,318,53.4,-,278,545,286,52.5,-,259,770,456,59.2,-,314,628,451,71.8,-,177,634,399,62.9,-,235,603,410,68.0,-,193,535,349,65.2,1,185,551,339,61.5,-,212,207,158,76.3,-,49,204,151,74.0,-,53
"합계","서대문구",고등학교(합계),소계,2786,1549,55.6,45,1192,2554,1488,58.3,105,961,2221,1338,60.2,8,875,2191,1376,62.8,8,807,2258,1411,62.5,21,826,2318,1345,58.0,32,941,2129,1364,64.1,41,724,2102,1300,61.8,65,737,2142,1282,59.9,67,793,1969,1292,65.6,74,603
"합계","서대문구",고등학교(합계),일반고,1981,1049,53.0,45,887,1783,1005,56.4,105,673,1684,1004,59.6,8,672,1631,1011,62.0,8,612,1736,1072,61.8,21,643,1842,1051,57.1,32,759,1613,1059,65.7,28,526,1539,942,61.2,24,573,1608,957,59.5,37,614,1432,944,65.9,20,468
"합계","서대문구",고등학교(합계),특수목적고,160,160,100.0,-,-,153,151,98.7,-,2,139,138,99.3,-,1,147,139,94.6,-,8,138,137,99.3,-,1,69,68,98.6,-,1,135,121,89.6,-,14,146,118,80.8,-,28,139,109,78.4,-,30,138,115,83.3,-,23
"합계","서대문구",고등학교(합계),자율고,645,340,52.7,-,305,618,332,53.7,-,286,398,196,49.2,-,202,413,226,54.7,-,187,384,202,52.6,-,182,407,226,55.5,-,181,381,184,48.3,13,184,417,240,57.6,41,136,395,216,54.7,30,149,399,233,58.4,54,112
"합계","마포구",고등학교(합계),소계,2872,1656,57.7,81,1135,2625,1508,57.4,243,874,2642,1462,55.3,304,876,2533,1335,52.7,320,878,2422,1326,54.7,296,800,2352,1311,55.7,300,741,2195,1210,55.1,273,712,2276,1263,55.5,242,771,2392,1278,53.4,174,940,2139,1223,57.2,162,754
"합계","마포구",고등학교(합계),일반고,1593,908,57.0,2,683,981,577,58.8,-,404,973,562,57.8,2,409,957,587,61.3,-,370,979,605,61.8,-,374,955,667,69.8,5,283,871,564,64.8,5,302,848,547,64.5,10,291,941,593,63.0,1,347,760,523,68.8,-,237
"합계","마포구",고등학교(합계),특성화고,561,385,68.6,57,119,565,259,45.8,226,80,580,220,37.9,277,83,558,171,30.6,290,97,526,125,23.8,296,105,530,91,17.2,295,144,518,122,23.6,268,128,499,137,27.5,231,131,519,141,27.2,172,206,496,176,35.5,155,165
"합계","마포구",고등학교(합계),자율고,718,363,50.6,22,333,1079,672,62.3,17,390,1089,680,62.4,25,384,1018,577,56.7,30,411,917,596,65.0,-,321,867,553,63.8,-,314,806,524,65.0,-,282,929,579,62.3,1,349,932,544,58.4,1,387,883,524,59.3,7,352
"합계","양천구",고등학교(합계),소계,6532,3512,53.8,198,2822,6375,3461,54.3,278,2636,6406,3488,54.4,167,2751,6160,3618,58.7,197,2345,5885,3341,56.8,143,2401,5773,3157,54.7,161,2455,5752,3001,52.2,203,2548,5656,2969,52.5,220,2467,5444,2939,54.0,181,2324,4614,2748,59.6,93,1773
"합계","양천구",고등학교(합계),일반고,5198,2839,54.6,90,2269,5011,2831,56.5,109,2071,5077,2892,57.0,74,2111,5039,3084,61.2,57,1898,4796,2812,58.6,21,1963,4676,2632,56.3,14,2030,4470,2466,55.2,23,1981,4391,2465,56.1,65,1861,4229,2388,56.5,107,1734,3475,2128,61.2,23,1324
"합계","양천구",고등학교(합계),특성화고,420,261,62.1,108,51,440,233,53.0,169,38,372,152,40.9,93,127,386,141,36.5,140,105,377,148,39.3,122,107,400,124,31.0,147,129,600,202,33.7,180,218,577,209,36.2,155,213,531,252,47.5,74,205,459,234,51.0,69,156
"합계","양천구",고등학교(합계),자율고,914,412,45.1,-,502,924,397,43.0,-,527,957,444,46.4,-,513,735,393,53.5,-,342,712,381,53.5,-,331,697,401,57.5,-,296,682,333,48.8,-,349,688,295,42.9,-,393,684,299,43.7,-,385,680,386,56.8,1,293
"합계","강서구",고등학교(합계),소계,8584,5020,58.5,507,3057,8107,4587,56.6,772,2748,8000,4562,57.0,837,2601,7774,4355,56.0,877,2542,7479,4184,55.9,741,2554,7140,3964,55.5,739,2437,6746,3580,53.1,833,2333,6428,3584,55.8,668,2176,6264,3418,54.6,590,2256,5725,3391,59.2,462,1872
"합계","강서구",고등학교(합계),일반고,5613,3226,57.5,82,2305,5443,3255,59.8,117,2071,5493,3449,62.8,160,1884,5361,3311,61.8,155,1895,5157,3159,61.3,104,1894,4886,3040,62.2,82,1764,4685,2746,58.6,83,1856,4422,2741,62.0,52,1629,4338,2537,58.5,123,1678,3890,2539,65.3,91,1260
"합계","강서구",고등학교(합계),특수목적고,684,438,64.0,-,246,672,424,63.1,-,248,666,438,65.8,-,228,633,416,65.7,-,217,605,396,65.5,-,209,558,353,63.3,-,205,494,329,66.6,-,165,492,346,70.3,-,146,456,314,68.9,-,142,446,297,66.6,-,149
"합계","강서구",고등학교(합계),특성화고,1658,948,57.2,393,317,1638,718,43.8,655,265,1574,534,33.9,677,363,1501,455,30.3,722,324,1430,468,32.7,637,325,1422,427,30.0,657,338,1303,360,27.6,750,193,1253,344,27.5,616,293,1206,414,34.3,467,325,1161,410,35.3,371,380
"합계","강서구",고등학교(합계),자율고,629,408,64.9,32,189,354,190,53.7,-,164,267,141,52.8,-,126,279,173,62.0,-,106,287,161,56.1,-,126,274,144,52.6,-,130,264,145,54.9,-,119,261,153,58.6,-,108,264,153,58.0,-,111,228,145,63.6,-,83
"합계","구로구",고등학교(합계),소계,4133,2610,63.2,283,1240,4191,2542,60.7,399,1250,4363,2668,61.2,383,1312,4318,2587,59.9,440,1291,4095,2375,58.0,418,1302,4010,2365,59.0,445,1200,3854,2237,58.0,451,1166,3762,2310,61.4,232,1220,3844,2352,61.2,244,1248,3398,2204,64.9,204,990
"합계","구로구",고등학교(합계),일반고,1696,1074,63.3,2,620,1802,1161,64.4,5,636,1987,1310,65.9,3,674,2118,1407,66.4,2,709,2032,1334,65.6,17,681,2211,1418,64.1,65,728,1946,1239,63.7,-,707,1870,1228,65.7,-,642,1947,1310,67.3,11,626,1670,1183,70.8,-,487
"합계","구로구",고등학교(합계),특수목적고,335,247,73.7,15,73,354,251,70.9,-,103,395,267,67.6,-,128,425,282,66.4,-,143,441,296,67.1,-,145,323,184,57.0,-,139,436,280,64.2,-,156,439,267,60.8,-,172,410,249,60.7,-,161,416,249,59.9,-,167
"합계","구로구",고등학교(합계),특성화고,983,605,61.5,266,112,902,438,48.6,383,81,951,420,44.2,361,170,881,324,36.8,408,149,832,256,30.8,382,194,840,332,39.5,364,144,829,289,34.9,427,113,800,358,44.8,207,235,811,336,41.4,233,242,729,342,46.9,202,185
"합계","구로구",고등학교(합계),자율고,1119,684,61.1,-,435,1133,692,61.1,11,430,1030,671,65.1,19,340,894,574,64.2,30,290,790,489,61.9,19,282,636,431,67.8,16,189,643,429,66.7,24,190,653,457,70.0,25,171,676,457,67.6,-,219,583,430,73.8,2,151
"합계","금천구",고등학교(합계),소계,2443,1602,65.6,96,745,2311,1446,62.6,184,681,2200,1363,62.0,227,610,2270,1484,65.4,262,524,2080,1404,67.5,248,428,2104,1332,63.3,273,499,1990,1279,64.3,283,428,1776,1095,61.7,239,442,1726,1041,60.3,222,463,1485,989,66.6,184,312
"합계","금천구",고등학교(합계),일반고,1394,920,66.0,38,436,1327,903,68.0,21,403,1309,874,66.8,11,424,1416,1051,74.2,45,320,1255,981,78.2,41,233,1281,917,71.6,43,321,1205,901,74.8,54,250,978,707,72.3,32,239,939,672,71.6,29,238,809,596,73.7,53,160
"합계","금천구",고등학교(합계),특수목적고,213,161,75.6,-,52,175,121,69.1,-,54,175,138,78.9,-,37,177,147,83.1,-,30,172,143,83.1,-,29,170,116,68.2,-,54,175,132,75.4,-,43,169,136,80.5,-,33,177,135,76.3,-,42,169,148,87.6,-,21
"합계","금천구",고등학교(합계),특성화고,352,228,64.8,58,66,361,151,41.8,163,47,360,103,28.6,196,61,369,84,22.8,205,80,338,76,22.5,195,67,338,51,15.1,224,63,294,31,10.5,219,44,296,29,9.8,203,64,291,29,10.0,182,80,247,55,22.3,124,68
"합계","금천구",고등학교(합계),자율고,484,293,60.5,-,191,448,271,60.5,-,177,356,248,69.7,20,88,308,202,65.6,12,94,315,204,64.8,12,99,315,248,78.7,6,61,316,215,68.0,10,91,333,223,67.0,4,106,319,205,64.3,11,103,260,190,73.1,7,63
"합계","영등포구",고등학교(합계),소계,3667,2198,59.9,146,1323,3316,2042,61.6,109,1165,3295,2047,62.1,122,1126,3283,2047,62.4,148,1088,2936,1851,63.0,152,933,2957,1844,62.4,148,965,2780,1730,62.2,148,902,2533,1447,57.1,99,987,2539,1546,60.9,90,903,2169,1351,62.3,78,740
"합계","영등포구",고등학교(합계),일반고,2695,1559,57.8,83,1053,2315,1413,61.0,31,871,2343,1479,63.1,23,841,2561,1600,62.5,42,919,2216,1382,62.4,33,801,2137,1300,60.8,42,795,1990,1232,61.9,30,728,1720,1025,59.6,21,674,1748,1096,62.7,21,631,1419,921,64.9,5,493
"합계","영등포구",고등학교(합계),특성화고,208,141,67.8,43,24,190,84,44.2,68,38,196,74,37.8,99,23,184,62,33.7,106,16,184,55,29.9,119,10,183,53,29.0,106,24,205,56,27.3,118,31,187,49,26.2,78,60,196,66,33.7,69,61,198,66,33.3,73,59
"합계","영등포구",고등학교(합계),자율고,764,498,65.2,20,246,811,545,67.2,10,256,756,494,65.3,-,262,538,385,71.6,-,153,536,414,77.2,-,122,637,491,77.1,-,146,585,442,75.6,-,143,626,373,59.6,-,253,595,384,64.5,-,211,552,364,65.9,-,188
"합계","동작구",고등학교(합계),소계,3156,1662,52.7,296,1198,3022,1658,54.9,267,1097,3172,1784,56.2,274,1114,2949,1489,50.5,393,1067,2787,1574,56.5,321,892,2694,1400,52.0,330,964,2586,1430,55.3,260,896,2442,1340,54.9,335,767,2487,1282,51.5,310,895,2145,1184,55.2,198,763
"합계","동작구",고등학교(합계),일반고,2186,1193,54.6,118,875,2059,1211,58.8,49,799,2174,1313,60.4,80,781,2079,1273,61.2,107,699,2028,1347,66.4,53,628,1981,1181,59.6,80,720,1841,1187,64.5,21,633,1653,1085,65.6,62,506,1707,1013,59.3,63,631,1663,1040,62.5,14,609
"합계","동작구",고등학교(합계),특성화고,556,250,45.0,178,128,541,232,42.9,218,91,543,261,48.1,194,88,546,43,7.9,286,217,509,102,20.0,268,139,454,90,19.8,250,114,466,120,25.8,238,108,492,121,24.6,273,98,485,136,28.0,247,102,482,144,29.9,184,154
"합계","동작구",고등학교(합계),자율고,414,219,52.9,-,195,422,215,50.9,-,207,455,210,46.2,-,245,324,173,53.4,-,151,250,125,50.0,-,125,259,129,49.8,-,130,279,123,44.1,1,155,297,134,45.1,-,163,295,133,45.1,-,162,-,-,-,-,-
"합계","관악구",고등학교(합계),소계,5043,2913,57.8,394,1736,4658,2733,58.7,485,1440,4515,2602,57.6,628,1285,4493,2517,56.0,653,1323,4379,2484,56.7,615,1280,4349,2489,57.2,580,1280,4090,2311,56.5,644,1135,3798,2218,58.4,657,923,3749,2128,56.8,501,1120,3364,1964,58.4,396,1004
"합계","관악구",고등학교(합계),일반고,3265,1906,58.4,53,1306,2975,1832,61.6,52,1091,2988,1919,64.2,93,976,3007,1944,64.6,105,958,2934,1919,65.4,94,921,3164,2071,65.5,46,1047,2836,1862,65.7,73,901,2553,1782,69.8,84,687,2555,1671,65.4,24,860,2283,1561,68.4,6,716
"합계","관악구",고등학교(합계),특수목적고,148,62,41.9,66,20,146,51,34.9,78,17,112,-,-,109,3,114,-,-,110,4,116,-,-,95,21,119,1,0.8,108,10,113,-,-,104,9,114,-,-,103,11,114,-,-,93,21,108,4,3.7,85,19
"합계","관악구",고등학교(합계),특성화고,802,440,54.9,265,97,821,396,48.2,338,87,777,308,39.6,401,68,792,215,27.1,435,142,771,232,30.1,426,113,751,229,30.5,426,96,802,228,28.4,467,107,801,239,29.8,470,92,750,240,32.0,384,126,719,234,32.5,304,181
"합계","관악구",고등학교(합계),자율고,828,505,61.0,10,313,716,454,63.4,17,245,638,375,58.8,25,238,580,358,61.7,3,219,558,333,59.7,-,225,315,188,59.7,-,127,339,221,65.2,-,118,330,197,59.7,-,133,330,217,65.8,-,113,254,165,65.0,1,88
"합계","서초구",고등학교(합계),소계,5008,2358,47.1,69,2581,5159,2569,49.8,102,2488,5034,2455,48.8,117,2462,4757,2436,51.2,137,2184,4680,2533,54.1,108,2039,4641,2488,53.6,90,2063,4461,2187,49.0,133,2141,4240,2038,48.1,122,2080,4262,2217,52.0,73,1972,3716,1794,48.3,57,1865
"합계","서초구",고등학교(합계),일반고,3804,1807,47.5,17,1980,3957,1981,50.1,19,1957,3954,1965,49.7,9,1980,3760,1960,52.1,29,1771,3715,1975,53.2,-,1740,3689,1962,53.2,2,1725,3560,1821,51.2,-,1739,3266,1674,51.3,1,1591,3321,1772,53.4,3,1546,2772,1427,51.5,8,1337
"합계","서초구",고등학교(합계),특성화고,192,85,44.3,52,55,179,80,44.7,83,16,185,60,32.4,108,17,177,43,24.3,108,26,183,36,19.7,108,39,178,70,39.3,88,20,187,19,10.2,133,35,180,21,11.7,121,38,162,35,21.6,70,57,165,43,26.1,49,73
"합계","서초구",고등학교(합계),자율고,1012,466,46.0,-,546,1023,508,49.7,-,515,895,430,48.0,-,465,820,433,52.8,-,387,782,522,66.8,-,260,774,456,58.9,-,318,714,347,48.6,-,367,794,343,43.2,-,451,779,410,52.6,-,369,779,324,41.6,-,455
"합계","강남구",고등학교(합계),소계,9375,4541,48.4,165,4669,9326,4437,47.6,352,4537,9110,4402,48.3,412,4296,8779,4304,49.0,446,4029,8580,4122,48.0,426,4032,8299,3934,47.4,511,3854,8502,3874,45.6,567,4061,8253,3602,43.6,536,4115,7916,3549,44.8,384,3983,6578,3331,50.6,324,2923
"합계","강남구",고등학교(합계),일반고,6713,3179,47.4,6,3528,6651,3287,49.4,11,3353,6674,3408,51.1,4,3262,6486,3357,51.8,2,3127,6440,3268,50.7,5,3167,6210,3232,52.0,15,2963,6480,3185,49.2,30,3265,6063,2889,47.6,21,3153,5792,2739,47.3,6,3047,4525,2467,54.5,53,2005
"합계","강남구",고등학교(합계),특수목적고,377,220,58.4,79,78,380,192,50.5,144,44,530,170,32.1,232,128,550,189,34.4,243,118,542,193,35.6,228,121,492,117,23.8,299,76,499,116,23.2,320,63,503,111,22.1,308,84,483,113,23.4,284,86,487,120,24.6,223,144
"합계","강남구",고등학교(합계),특성화고,586,407,69.5,78,101,507,221,43.6,194,92,328,117,35.7,176,35,337,90,26.7,201,46,314,57,18.2,193,64,319,52,16.3,197,70,325,56,17.2,217,52,347,76,21.9,207,64,317,151,47.6,93,73,308,173,56.2,45,90
"합계","강남구",고등학교(합계),자율고,1699,735,43.3,2,962,1788,737,41.2,3,1048,1578,707,44.8,-,871,1406,668,47.5,-,738,1284,604,47.0,-,680,1278,533,41.7,-,745,1198,517,43.2,-,681,1340,526,39.3,-,814,1324,546,41.2,1,777,1258,571,45.4,3,684
"합계","송파구",고등학교(합계),소계,8602,4594,53.4,596,3412,8158,4352,53.3,618,3188,8113,4420,54.5,722,2971,8079,4531,56.1,669,2879,7691,4358,56.7,852,2481,7326,4254,58.1,669,2403,6806,4008,58.9,581,2217,6511,3554,54.6,515,2442,6672,3743,56.1,391,2538,5472,3158,57.7,325,1989
"합계","송파구",고등학교(합계),일반고,7334,3956,53.9,250,3128,6893,3746,54.3,237,2910,6831,3901,57.1,293,2637,6872,4038,58.8,242,2592,6611,3930,59.4,487,2194,6203,3787,61.1,309,2107,5697,3591,63.0,202,1904,5379,3136,58.3,169,2074,5557,3301,59.4,111,2145,4412,2699,61.2,87,1626
"합계","송파구",고등학교(합계),특수목적고,132,95,72.0,16,21,137,111,81.0,5,21,140,114,81.4,13,13,138,109,79.0,24,5,134,114,85.1,11,9,128,102,79.7,15,11,113,100,88.5,6,7,138,111,80.4,10,17,127,103,81.1,12,12,136,117,86.0,15,4
"합계","송파구",고등학교(합계),특성화고,748,317,42.4,330,101,715,235,32.9,376,104,730,163,22.3,416,151,684,138,20.2,403,143,573,105,18.3,354,114,586,120,20.5,345,121,603,93,15.4,373,137,573,88,15.4,336,149,567,127,22.4,268,172,557,124,22.3,223,210
"합계","송파구",고등학교(합계),자율고,388,226,58.2,-,162,413,260,63.0,-,153,412,242,58.7,-,170,385,246,63.9,-,139,373,209,56.0,-,164,409,245,59.9,-,164,393,224,57.0,-,169,421,219,52.0,-,202,421,212,50.4,-,209,367,218,59.4,-,149
"합계","강동구",고등학교(합계),소계,5677,3271,57.6,335,2071,5433,3093,56.9,420,1920,5523,3140,56.9,420,1963,5470,3167,57.9,385,1918,4987,2999,60.1,295,1693,4979,2898,58.2,311,1770,4718,2857,60.6,242,1619,4435,2669,60.2,251,1515,4587,2762,60.2,137,1688,3906,2552,65.3,133,1221
"합계","강동구",고등학교(합계),일반고,4047,2362,58.4,110,1575,3833,2250,58.7,111,1472,4221,2507,59.4,192,1522,4127,2455,59.5,157,1515,3686,2354,63.9,65,1267,3722,2278,61.2,128,1316,3584,2255,62.9,72,1257,3237,2049,63.3,138,1050,3406,2086,61.2,31,1289,2767,1916,69.2,21,830
"합계","강동구",고등학교(합계),특수목적고,371,245,66.0,-,126,367,235,64.0,-,132,428,242,56.5,-,186,398,204,51.3,-,194,371,240,64.7,-,131,346,220,63.6,-,126,265,183,69.1,-,82,267,169,63.3,-,98,240,177,73.8,-,63,216,160,74.1,-,56
"합계","강동구",고등학교(합계),특성화고,682,373,54.7,224,85,671,305,45.5,309,57,456,176,38.6,228,52,516,210,40.7,228,78,533,229,43.0,230,74,507,197,38.9,183,127,522,224,42.9,170,128,504,226,44.8,113,165,502,235,46.8,106,161,492,223,45.3,112,157
"합계","강동구",고등학교(합계),자율고,577,291,50.4,1,285,562,303,53.9,-,259,418,215,51.4,-,203,429,298,69.5,-,131,397,176,44.3,-,221,404,203,50.2,-,201,347,195,56.2,-,152,427,225,52.7,-,202,439,264,60.1,-,175,431,253,58.7,-,178
